<?xml version="1.0" encoding="utf-8"?>
<resources>

    <string name="app_name">%1$s</string>
    <string name="loading">%2$s Running ...</string>

    <!-- 以下请勿修改 -->


    <!-- 文件选择 -->
    <string name="empty_directory">Empty Directory</string>
    <string name="storage_removed">Storage was removed or unmounted.</string>
    <string name="choose_file">Choose a file</string>
    <string name="error_selecting_file">Error selecting File</string>
    <string name="internal_storage">Internal storage</string>

    <!-- 以下为按钮图标 -->
    <string name="icon_user">&#xf007;</string>
    <string name="icon_add">&#xf067;</string>
    <string name="icon_readmore">&#xf178;</string>
    <string name="icon_answer">&#xf095;</string>
    <string name="icon_mute">&#xf131;</string>
    <string name="icon_like">&#xf087;</string>
    <string name="icon_share">&#xf064;</string>
    <string name="icon_follow">&#xf005;</string>
    <string name="icon_android">&#xf17b;</string>
    <string name="icon_dropbox">&#xf16b;</string>
    <string name="icon_soundcloud">&#xf1be;</string>
    <string name="icon_spotify">&#xf1bc;</string>
    <string name="icon_vine">&#xf1ca;</string>
    <string name="icon_twitter">&#xf099;</string>
    <string name="icon_tumbler">&#xf173;</string>
    <string name="icon_stackoverflow">&#xf16c;</string>
    <string name="icon_gplus">&#xf0d5;</string>
    <string name="icon_facebook">&#xf09a;</string>
    <string name="icon_entypo_facebook">&#59140;</string>
    <string name="icon_behance">&#xf1b4;</string>
    <string name="icon_dribble">&#xf17d;</string>
    <string name="icon_send">&#xf1d8;</string>
    <string name="icon_download">&#xf0ed;</string>
    <string name="icon_upload">&#xf0ee;</string>
    <string name="icon_config">&#xf085;</string>

</resources>